CREATE DATABASE [QLDSV_HTC]
GO
USE [QLDSV_HTC]
GO

/****** Object:  Table [dbo].[DANGKY]    Script Date: 03/10/2021 11:22:27 AM ******/
SET ANSI_NULLS ON
GO
SET QUOTED_IDENTIFIER ON
GO
CREATE TABLE [dbo].[DANGKY](
	[MALTC] [int] NOT NULL,
	[MASV] [nchar](10) NOT NULL,
	[DIEM_CC] [int] NULL,
	[DIEM_GK] [float] NULL,
	[DIEM_CK] [float] NULL,
	[HUYDANGKY] [bit] NULL,
 CONSTRAINT [PK_DANGKY] PRIMARY KEY CLUSTERED 
(
	[MALTC] ASC,
	[MASV] ASC
)WITH (PAD_INDEX = OFF, STATISTICS_NORECOMPUTE = OFF, IGNORE_DUP_KEY = OFF, ALLOW_ROW_LOCKS = ON, ALLOW_PAGE_LOCKS = ON) ON [PRIMARY]
) ON [PRIMARY]

GO
/****** Object:  Table [dbo].[GIANGVIEN]    Script Date: 03/10/2021 11:22:27 AM ******/
SET ANSI_NULLS ON
GO
SET QUOTED_IDENTIFIER ON
GO
CREATE TABLE [dbo].[GIANGVIEN](
	[MAGV] [nchar](10) NOT NULL,
	[MAKHOA] [nchar](10) NOT NULL,
	[HO] [nvarchar](50) NOT NULL,
	[TEN] [nvarchar](10) NOT NULL,
	[HOCVI] [nvarchar](20) NULL,
	[HOCHAM] [nvarchar](20) NULL,
	[CHUYENMON] [nvarchar](50) NULL,
 CONSTRAINT [PK_GIANGVIEN] PRIMARY KEY CLUSTERED 
(
	[MAGV] ASC
)WITH (PAD_INDEX = OFF, STATISTICS_NORECOMPUTE = OFF, IGNORE_DUP_KEY = OFF, ALLOW_ROW_LOCKS = ON, ALLOW_PAGE_LOCKS = ON) ON [PRIMARY]
) ON [PRIMARY]

GO

/****** Object:  Table [dbo].[KHOA]    Script Date: 03/10/2021 11:22:27 AM ******/
SET ANSI_NULLS ON
GO
SET QUOTED_IDENTIFIER ON
GO
CREATE TABLE [dbo].[KHOA](
	[MAKHOA] [nchar](10) NOT NULL,
	[TENKHOA] [nvarchar](50) NOT NULL,
 CONSTRAINT [PK_KHOA] PRIMARY KEY CLUSTERED 
(
	[MAKHOA] ASC
)WITH (PAD_INDEX = OFF, STATISTICS_NORECOMPUTE = OFF, IGNORE_DUP_KEY = OFF, ALLOW_ROW_LOCKS = ON, ALLOW_PAGE_LOCKS = ON) ON [PRIMARY]
) ON [PRIMARY]

GO
/****** Object:  Table [dbo].[LOP]    Script Date: 03/10/2021 11:22:27 AM ******/
SET ANSI_NULLS ON
GO
SET QUOTED_IDENTIFIER ON
GO
CREATE TABLE [dbo].[LOP](
	[MALOP] [nchar](10) NOT NULL,
	[TENLOP] [nvarchar](50) NOT NULL,
	[KHOAHOC] [nchar](9) NOT NULL,
	[MAKHOA] [nchar](10) NOT NULL,
 CONSTRAINT [PK_LOP] PRIMARY KEY CLUSTERED 
(
	[MALOP] ASC
)WITH (PAD_INDEX = OFF, STATISTICS_NORECOMPUTE = OFF, IGNORE_DUP_KEY = OFF, ALLOW_ROW_LOCKS = ON, ALLOW_PAGE_LOCKS = ON) ON [PRIMARY]
) ON [PRIMARY]

GO
/****** Object:  Table [dbo].[LOPTINCHI]    Script Date: 03/10/2021 11:22:27 AM ******/
SET ANSI_NULLS ON
GO
SET QUOTED_IDENTIFIER ON
GO
CREATE TABLE [dbo].[LOPTINCHI](
	[MALTC] [int] IDENTITY(1,1) NOT NULL,
	[NIENKHOA] [nchar](9) NOT NULL,
	[HOCKY] [int] NOT NULL,
	[MAMH] [nchar](10) NOT NULL,
	[NHOM] [int] NOT NULL,
	[MAGV] [nchar](10) NOT NULL,
	[MAKHOA] [nchar](10) NOT NULL,
	[SOSVTOITHIEU] [int] NOT NULL,
	[HUYLOP] [bit] NOT NULL CONSTRAINT [DF_LOPTINCHI_HUYLOP]  DEFAULT ('false'),
 CONSTRAINT [PK_LOPTINCHI] PRIMARY KEY CLUSTERED 
(
	[MALTC] ASC
)WITH (PAD_INDEX = OFF, STATISTICS_NORECOMPUTE = OFF, IGNORE_DUP_KEY = OFF, ALLOW_ROW_LOCKS = ON, ALLOW_PAGE_LOCKS = ON) ON [PRIMARY]
) ON [PRIMARY]

GO
/****** Object:  Table [dbo].[MONHOC]    Script Date: 03/10/2021 11:22:27 AM ******/
SET ANSI_NULLS ON
GO
SET QUOTED_IDENTIFIER ON
GO
CREATE TABLE [dbo].[MONHOC](
	[MAMH] [nchar](10) NOT NULL,
	[TENMH] [nvarchar](50) NOT NULL,
	[SOTIET_LT] [int] NOT NULL,
	[SOTIET_TH] [int] NOT NULL,
 CONSTRAINT [PK_MONHOC] PRIMARY KEY CLUSTERED 
(
	[MAMH] ASC
)WITH (PAD_INDEX = OFF, STATISTICS_NORECOMPUTE = OFF, IGNORE_DUP_KEY = OFF, ALLOW_ROW_LOCKS = ON, ALLOW_PAGE_LOCKS = ON) ON [PRIMARY]
) ON [PRIMARY]

GO
/****** Object:  Table [dbo].[SINHVIEN]    Script Date: 03/10/2021 11:22:27 AM ******/
SET ANSI_NULLS ON
GO
SET QUOTED_IDENTIFIER ON
GO
CREATE TABLE [dbo].[SINHVIEN](
	[MASV] [nchar](10) NOT NULL,
	[HO] [nvarchar](50) NOT NULL,
	[TEN] [nvarchar](10) NOT NULL,
	[PHAI] [bit] NOT NULL CONSTRAINT [DF_SINHVIEN_PHAI]  DEFAULT ('false'),
	[DIACHI] [nvarchar](100) NULL,
	[NGAYSINH] [date] NULL,
	[MALOP] [nchar](10) NOT NULL,
	[DANGHIHOC] [bit] NOT NULL CONSTRAINT [DF_SINHVIEN_DANGHIHOC]  DEFAULT ('false'),
	[PASSWORD] [nvarchar](40) NULL CONSTRAINT [DF_SINHVIEN_PASSWORD]  DEFAULT ('123456'),
 CONSTRAINT [PK_SINHVIEN] PRIMARY KEY CLUSTERED 
(
	[MASV] ASC
)WITH (PAD_INDEX = OFF, STATISTICS_NORECOMPUTE = OFF, IGNORE_DUP_KEY = OFF, ALLOW_ROW_LOCKS = ON, ALLOW_PAGE_LOCKS = ON) ON [PRIMARY]
) ON [PRIMARY]

GO
INSERT [dbo].[DANGKY] ([MALTC], [MASV], [DIEM_CC], [DIEM_GK], [DIEM_CK], [HUYDANGKY]) VALUES (1, N'N15DCCN001', NULL, NULL, NULL, NULL)
INSERT [dbo].[DANGKY] ([MALTC], [MASV], [DIEM_CC], [DIEM_GK], [DIEM_CK], [HUYDANGKY]) VALUES (1, N'N15DCCN002', NULL, NULL, NULL, NULL)
INSERT [dbo].[DANGKY] ([MALTC], [MASV], [DIEM_CC], [DIEM_GK], [DIEM_CK], [HUYDANGKY]) VALUES (1, N'N15DCCN003', NULL, NULL, NULL, NULL)
INSERT [dbo].[DANGKY] ([MALTC], [MASV], [DIEM_CC], [DIEM_GK], [DIEM_CK], [HUYDANGKY]) VALUES (1, N'N15DCCN005', NULL, NULL, NULL, NULL)
INSERT [dbo].[DANGKY] ([MALTC], [MASV], [DIEM_CC], [DIEM_GK], [DIEM_CK], [HUYDANGKY]) VALUES (1, N'N15DCCN006', NULL, NULL, NULL, NULL)
INSERT [dbo].[DANGKY] ([MALTC], [MASV], [DIEM_CC], [DIEM_GK], [DIEM_CK], [HUYDANGKY]) VALUES (3, N'N15DCCN001', NULL, NULL, NULL, NULL)
INSERT [dbo].[DANGKY] ([MALTC], [MASV], [DIEM_CC], [DIEM_GK], [DIEM_CK], [HUYDANGKY]) VALUES (3, N'N15DCCN002', NULL, NULL, NULL, NULL)
INSERT [dbo].[DANGKY] ([MALTC], [MASV], [DIEM_CC], [DIEM_GK], [DIEM_CK], [HUYDANGKY]) VALUES (3, N'N15DCCN003', NULL, NULL, NULL, NULL)
INSERT [dbo].[DANGKY] ([MALTC], [MASV], [DIEM_CC], [DIEM_GK], [DIEM_CK], [HUYDANGKY]) VALUES (3, N'N15DCCN004', NULL, NULL, NULL, NULL)
INSERT [dbo].[DANGKY] ([MALTC], [MASV], [DIEM_CC], [DIEM_GK], [DIEM_CK], [HUYDANGKY]) VALUES (3, N'N15DCCN005', NULL, NULL, NULL, NULL)
INSERT [dbo].[GIANGVIEN] ([MAGV], [MAKHOA], [HO], [TEN], [HOCVI], [HOCHAM], [CHUYENMON]) VALUES (N'GV01      ', N'CNTT      ', N'Lưu Nguyễn Kỳ', N'Thư', N'Thạc sĩ', N'', N'Phần mềm')
INSERT [dbo].[GIANGVIEN] ([MAGV], [MAKHOA], [HO], [TEN], [HOCVI], [HOCHAM], [CHUYENMON]) VALUES (N'GV02      ', N'CNTT      ', N'Lê Thành', N'Trì', N'Thạc sĩ', N'', N'Mạng máy tính')
INSERT [dbo].[GIANGVIEN] ([MAGV], [MAKHOA], [HO], [TEN], [HOCVI], [HOCHAM], [CHUYENMON]) VALUES (N'GV03      ', N'CNTT      ', N'Huỳnh Trung', N'Trụ', N'Thạc sĩ', N'', N'Web, Phần mềm')
INSERT [dbo].[GIANGVIEN] ([MAGV], [MAKHOA], [HO], [TEN], [HOCVI], [HOCHAM], [CHUYENMON]) VALUES (N'GV04      ', N'VT        ', N'Nguyễn Quốc', N'Minh', N'Tiến sĩ', N'', N'Truyền thông')
INSERT [dbo].[GIANGVIEN] ([MAGV], [MAKHOA], [HO], [TEN], [HOCVI], [HOCHAM], [CHUYENMON]) VALUES (N'GV05      ', N'CNTT      ', N'Châu Minh', N'Lâm', N'Tiến sĩ', NULL, N'Xử lý ảnh')
INSERT [dbo].[GIANGVIEN] ([MAGV], [MAKHOA], [HO], [TEN], [HOCVI], [HOCHAM], [CHUYENMON]) VALUES (N'GV06      ', N'CNTT      ', N'Nguyễn Văn', N'Sáu', N'Thạc Sĩ', NULL, N'Phần mềm')
INSERT [dbo].[KHOA] ([MAKHOA], [TENKHOA]) VALUES (N'CNTT      ', N'Công nghệ thông tin')
INSERT [dbo].[KHOA] ([MAKHOA], [TENKHOA]) VALUES (N'VT        ', N'Viễn Thông')
INSERT [dbo].[LOP] ([MALOP], [TENLOP], [KHOAHOC], [MAKHOA]) VALUES (N'D15CQCP01 ', N'Công nghệ phần mềm 2015', N'2015-2019', N'CNTT      ')
INSERT [dbo].[LOP] ([MALOP], [TENLOP], [KHOAHOC], [MAKHOA]) VALUES (N'D15CQIS01 ', N'Hệ thống thông tin 2015', N'2015-2019', N'CNTT      ')
INSERT [dbo].[LOP] ([MALOP], [TENLOP], [KHOAHOC], [MAKHOA]) VALUES (N'D15CQMT01 ', N'Mạng máy tính 2015', N'2015-2019', N'CNTT      ')
INSERT [dbo].[LOP] ([MALOP], [TENLOP], [KHOAHOC], [MAKHOA]) VALUES (N'D15CQVT01 ', N'Thông tin truyền thông 2015', N'2015-2019', N'VT        ')
INSERT [dbo].[LOP] ([MALOP], [TENLOP], [KHOAHOC], [MAKHOA]) VALUES (N'D16CQCP01 ', N'Công nghệ phần mềm 2016', N'2016-2020', N'CNTT      ')
INSERT [dbo].[LOP] ([MALOP], [TENLOP], [KHOAHOC], [MAKHOA]) VALUES (N'D16CQIS01 ', N'Hệ thống thông tin 2016', N'2016-2020', N'CNTT      ')
INSERT [dbo].[LOP] ([MALOP], [TENLOP], [KHOAHOC], [MAKHOA]) VALUES (N'D16CQMT01 ', N'Mạng máy tính 2016', N'2016-2020', N'CNTT      ')
INSERT [dbo].[LOP] ([MALOP], [TENLOP], [KHOAHOC], [MAKHOA]) VALUES (N'D16CQVT01 ', N'Thông tin truyền thông 2016', N'2016-2020', N'VT        ')
SET IDENTITY_INSERT [dbo].[LOPTINCHI] ON 

INSERT [dbo].[LOPTINCHI] ([MALTC], [NIENKHOA], [HOCKY], [MAMH], [NHOM], [MAGV], [MAKHOA], [SOSVTOITHIEU], [HUYLOP]) VALUES (1, N'2021-2022', 1, N'CTDL      ', 1, N'GV01      ', N'CNTT      ', 10, 0)
INSERT [dbo].[LOPTINCHI] ([MALTC], [NIENKHOA], [HOCKY], [MAMH], [NHOM], [MAGV], [MAKHOA], [SOSVTOITHIEU], [HUYLOP]) VALUES (2, N'2021-2022', 1, N'CTDL      ', 2, N'GV01      ', N'CNTT      ', 10, 0)
INSERT [dbo].[LOPTINCHI] ([MALTC], [NIENKHOA], [HOCKY], [MAMH], [NHOM], [MAGV], [MAKHOA], [SOSVTOITHIEU], [HUYLOP]) VALUES (3, N'2021-2022', 1, N'XLA       ', 1, N'GV03      ', N'CNTT      ', 10, 0)
INSERT [dbo].[LOPTINCHI] ([MALTC], [NIENKHOA], [HOCKY], [MAMH], [NHOM], [MAGV], [MAKHOA], [SOSVTOITHIEU], [HUYLOP]) VALUES (4, N'2021-2022', 1, N'CTDL      ', 3, N'GV04      ', N'VT        ', 10, 0)
INSERT [dbo].[LOPTINCHI] ([MALTC], [NIENKHOA], [HOCKY], [MAMH], [NHOM], [MAGV], [MAKHOA], [SOSVTOITHIEU], [HUYLOP]) VALUES (5, N'2021-2022', 2, N'LTW       ', 1, N'GV03      ', N'CNTT      ', 10, 0)
INSERT [dbo].[LOPTINCHI] ([MALTC], [NIENKHOA], [HOCKY], [MAMH], [NHOM], [MAGV], [MAKHOA], [SOSVTOITHIEU], [HUYLOP]) VALUES (6, N'2021-2022', 2, N'KTDH      ', 1, N'GV06      ', N'CNTT      ', 10, 0)
INSERT [dbo].[LOPTINCHI] ([MALTC], [NIENKHOA], [HOCKY], [MAMH], [NHOM], [MAGV], [MAKHOA], [SOSVTOITHIEU], [HUYLOP]) VALUES (8, N'2021-2022', 2, N'MMT       ', 1, N'GV02      ', N'CNTT      ', 10, 0)
SET IDENTITY_INSERT [dbo].[LOPTINCHI] OFF
INSERT [dbo].[MONHOC] ([MAMH], [TENMH], [SOTIET_LT], [SOTIET_TH]) VALUES (N'AV        ', N'Anh văn', 45, 0)
INSERT [dbo].[MONHOC] ([MAMH], [TENMH], [SOTIET_LT], [SOTIET_TH]) VALUES (N'CTDL      ', N'Cấu trúc dữ liệu & Giải thuật', 40, 5)
INSERT [dbo].[MONHOC] ([MAMH], [TENMH], [SOTIET_LT], [SOTIET_TH]) VALUES (N'HDH       ', N'Hệ điều hành', 45, 0)
INSERT [dbo].[MONHOC] ([MAMH], [TENMH], [SOTIET_LT], [SOTIET_TH]) VALUES (N'KTDH      ', N'Kỹ thuật đồ họa', 45, 1)
INSERT [dbo].[MONHOC] ([MAMH], [TENMH], [SOTIET_LT], [SOTIET_TH]) VALUES (N'LTW       ', N'Lập trình Web', 40, 5)
INSERT [dbo].[MONHOC] ([MAMH], [TENMH], [SOTIET_LT], [SOTIET_TH]) VALUES (N'MMT       ', N'Mạng máy tính', 30, 15)
INSERT [dbo].[MONHOC] ([MAMH], [TENMH], [SOTIET_LT], [SOTIET_TH]) VALUES (N'XLA       ', N'Xử lý ảnh', 30, 0)
INSERT [dbo].[SINHVIEN] ([MASV], [HO], [TEN], [PHAI], [DIACHI], [NGAYSINH], [MALOP], [DANGHIHOC], [PASSWORD]) VALUES (N'N15DCCN001', N'Võ Văn', N'Đức', 0, N'Quận 9', CAST(N'1997-02-08' AS Date), N'D15CQCP01 ', 0, N'')
INSERT [dbo].[SINHVIEN] ([MASV], [HO], [TEN], [PHAI], [DIACHI], [NGAYSINH], [MALOP], [DANGHIHOC], [PASSWORD]) VALUES (N'N15DCCN002', N'Lê Hữu', N'Tài', 0, N'Thủ Đức', CAST(N'1997-03-07' AS Date), N'D15CQCP01 ', 0, N'')
INSERT [dbo].[SINHVIEN] ([MASV], [HO], [TEN], [PHAI], [DIACHI], [NGAYSINH], [MALOP], [DANGHIHOC], [PASSWORD]) VALUES (N'N15DCCN003', N'Hoàng Thanh', N'Bùi', 0, N'Quận 9', CAST(N'1997-08-07' AS Date), N'D15CQCP01 ', 0, N'')
INSERT [dbo].[SINHVIEN] ([MASV], [HO], [TEN], [PHAI], [DIACHI], [NGAYSINH], [MALOP], [DANGHIHOC], [PASSWORD]) VALUES (N'N15DCCN004', N'Phạm', N'Tuấn', 0, N'Quận 9', CAST(N'1997-10-11' AS Date), N'D15CQCP01 ', 0, N'')
INSERT [dbo].[SINHVIEN] ([MASV], [HO], [TEN], [PHAI], [DIACHI], [NGAYSINH], [MALOP], [DANGHIHOC], [PASSWORD]) VALUES (N'N15DCCN005', N'Lê Thanh', N'Hà', 1, N'Quận 4', CAST(N'1997-08-29' AS Date), N'D15CQIS01 ', 0, N'')
INSERT [dbo].[SINHVIEN] ([MASV], [HO], [TEN], [PHAI], [DIACHI], [NGAYSINH], [MALOP], [DANGHIHOC], [PASSWORD]) VALUES (N'N15DCCN006', N'Tiền Hà', N'Nam', 0, N'Thủ Đức', CAST(N'1997-10-09' AS Date), N'D15CQIS01 ', 0, N'')
INSERT [dbo].[SINHVIEN] ([MASV], [HO], [TEN], [PHAI], [DIACHI], [NGAYSINH], [MALOP], [DANGHIHOC], [PASSWORD]) VALUES (N'N15DCCN007', N'Bùi Thị', N'Thanh', 1, N'Q.9', CAST(N'1997-07-07' AS Date), N'D15CQIS01 ', 0, N'')
INSERT [dbo].[SINHVIEN] ([MASV], [HO], [TEN], [PHAI], [DIACHI], [NGAYSINH], [MALOP], [DANGHIHOC], [PASSWORD]) VALUES (N'N15DCCN008', N'Lê Thanh', N'Bình', 0, N'Thủ Đức', CAST(N'2096-07-07' AS Date), N'D15CQIS01 ', 0, N'')
INSERT [dbo].[SINHVIEN] ([MASV], [HO], [TEN], [PHAI], [DIACHI], [NGAYSINH], [MALOP], [DANGHIHOC], [PASSWORD]) VALUES (N'N15DCVT001', N'Huỳnh Văn', N'Nghĩa', 0, N'Quận 9', CAST(N'1996-07-29' AS Date), N'D15CQVT01 ', 0, N'')
INSERT [dbo].[SINHVIEN] ([MASV], [HO], [TEN], [PHAI], [DIACHI], [NGAYSINH], [MALOP], [DANGHIHOC], [PASSWORD]) VALUES (N'N15DCVT002', N'Nguyễn Anh', N'Tài', 0, N'Thủ Đức', CAST(N'1997-07-29' AS Date), N'D15CQVT01 ', 0, N'')
INSERT [dbo].[SINHVIEN] ([MASV], [HO], [TEN], [PHAI], [DIACHI], [NGAYSINH], [MALOP], [DANGHIHOC], [PASSWORD]) VALUES (N'N15DCVT003', N'Phan', N'Tuấn', 0, N'Thủ Đức', CAST(N'1997-08-28' AS Date), N'D15CQVT01 ', 0, N'')
INSERT [dbo].[SINHVIEN] ([MASV], [HO], [TEN], [PHAI], [DIACHI], [NGAYSINH], [MALOP], [DANGHIHOC], [PASSWORD]) VALUES (N'N16DCVT001', N'Trần Thanh', N'Phan', 1, N'Thủ Đức', CAST(N'1998-07-12' AS Date), N'D16CQVT01 ', 0, N'')
INSERT [dbo].[SINHVIEN] ([MASV], [HO], [TEN], [PHAI], [DIACHI], [NGAYSINH], [MALOP], [DANGHIHOC], [PASSWORD]) VALUES (N'N16DCVT002', N'Nguyễn Thanh', N'Hoàng', 0, N'Thủ Đức', CAST(N'1998-02-03' AS Date), N'D15CQCP01 ', 0, N'')
SET ANSI_PADDING ON

GO
/****** Object:  Index [UK_DANGKY]    Script Date: 03/10/2021 11:22:27 AM ******/
ALTER TABLE [dbo].[DANGKY] ADD  CONSTRAINT [UK_DANGKY] UNIQUE NONCLUSTERED 
(
	[MALTC] ASC,
	[MASV] ASC
)WITH (PAD_INDEX = OFF, STATISTICS_NORECOMPUTE = OFF, SORT_IN_TEMPDB = OFF, IGNORE_DUP_KEY = OFF, ONLINE = OFF, ALLOW_ROW_LOCKS = ON, ALLOW_PAGE_LOCKS = ON) ON [PRIMARY]
GO
SET ANSI_PADDING ON

GO
/****** Object:  Index [UK_LOPTINCHI]    Script Date: 03/10/2021 11:22:27 AM ******/
ALTER TABLE [dbo].[LOPTINCHI] ADD  CONSTRAINT [UK_LOPTINCHI] UNIQUE NONCLUSTERED 
(
	[NIENKHOA] ASC,
	[HOCKY] ASC,
	[MAMH] ASC,
	[NHOM] ASC
)WITH (PAD_INDEX = OFF, STATISTICS_NORECOMPUTE = OFF, SORT_IN_TEMPDB = OFF, IGNORE_DUP_KEY = OFF, ONLINE = OFF, ALLOW_ROW_LOCKS = ON, ALLOW_PAGE_LOCKS = ON) ON [PRIMARY]
GO
SET ANSI_PADDING ON

GO

ALTER TABLE [dbo].[DANGKY]  WITH CHECK ADD  CONSTRAINT [FK_CTLTC_SINHVIEN] FOREIGN KEY([MASV])
REFERENCES [dbo].[SINHVIEN] ([MASV])
ON UPDATE CASCADE
GO
ALTER TABLE [dbo].[DANGKY] CHECK CONSTRAINT [FK_CTLTC_SINHVIEN]
GO
ALTER TABLE [dbo].[DANGKY]  WITH CHECK ADD  CONSTRAINT [FK_DANGKY_LOPTINCHI] FOREIGN KEY([MALTC])
REFERENCES [dbo].[LOPTINCHI] ([MALTC])
GO
ALTER TABLE [dbo].[DANGKY] CHECK CONSTRAINT [FK_DANGKY_LOPTINCHI]
GO
ALTER TABLE [dbo].[GIANGVIEN]  WITH CHECK ADD  CONSTRAINT [FK_GIANGVIEN_KHOA] FOREIGN KEY([MAKHOA])
REFERENCES [dbo].[KHOA] ([MAKHOA])
GO
ALTER TABLE [dbo].[GIANGVIEN] CHECK CONSTRAINT [FK_GIANGVIEN_KHOA]
GO

ALTER TABLE [dbo].[LOP]  WITH CHECK ADD  CONSTRAINT [FK_LOP_KHOA] FOREIGN KEY([MAKHOA])
REFERENCES [dbo].[KHOA] ([MAKHOA])
GO
ALTER TABLE [dbo].[LOP] CHECK CONSTRAINT [FK_LOP_KHOA]
GO
ALTER TABLE [dbo].[LOPTINCHI]  WITH CHECK ADD  CONSTRAINT [FK_LOPTINCHI_GIANGVIEN] FOREIGN KEY([MAGV])
REFERENCES [dbo].[GIANGVIEN] ([MAGV])
ON UPDATE CASCADE
GO
ALTER TABLE [dbo].[LOPTINCHI] CHECK CONSTRAINT [FK_LOPTINCHI_GIANGVIEN]
GO
ALTER TABLE [dbo].[LOPTINCHI]  WITH CHECK ADD  CONSTRAINT [FK_LOPTINCHI_KHOA] FOREIGN KEY([MAKHOA])
REFERENCES [dbo].[KHOA] ([MAKHOA])
GO
ALTER TABLE [dbo].[LOPTINCHI] CHECK CONSTRAINT [FK_LOPTINCHI_KHOA]
GO
ALTER TABLE [dbo].[LOPTINCHI]  WITH CHECK ADD  CONSTRAINT [FK_LOPTINCHI_MONHOC] FOREIGN KEY([MAMH])
REFERENCES [dbo].[MONHOC] ([MAMH])
ON UPDATE CASCADE
GO
ALTER TABLE [dbo].[LOPTINCHI] CHECK CONSTRAINT [FK_LOPTINCHI_MONHOC]
GO
ALTER TABLE [dbo].[SINHVIEN]  WITH CHECK ADD  CONSTRAINT [FK_SINHVIEN_LOP] FOREIGN KEY([MALOP])
REFERENCES [dbo].[LOP] ([MALOP])
ON UPDATE CASCADE
GO
ALTER TABLE [dbo].[SINHVIEN] CHECK CONSTRAINT [FK_SINHVIEN_LOP]
GO

ALTER TABLE [dbo].[LOPTINCHI]  WITH CHECK ADD  CONSTRAINT [CK_SOSVTOITHIEU] CHECK  (([SOSVTOITHIEU]>(0)))
GO
ALTER TABLE [dbo].[LOPTINCHI] CHECK CONSTRAINT [CK_SOSVTOITHIEU]
GO
USE [master]
GO
ALTER DATABASE [QLDSV_TC] SET  READ_WRITE 
GO
